{"train_loss": 36045.44921875, "train_r2": 0.7610026951337694, "train_mape": 0.17344564199447632, "test_loss": 41826.32421875, "test_r2": 0.6778596819555613, "test_mape": 0.16736257076263428, "_timestamp": 1675676692.189534, "_runtime": 745.7920570373535, "_step": 4}