{"train_loss": 42939.53125, "train_r2": 0.7899735879945136, "train_mape": 0.1516934484243393, "test_loss": 35642.68359375, "test_r2": 0.7203985996322196, "test_mape": 0.15709079802036285, "_timestamp": 1675847385.78501, "_runtime": 463.7281460762024, "_step": 9}