{"train_loss": 40617.41015625, "train_r2": -0.009170053036241077, "train_mape": 0.2303943634033203, "test_loss": 37665.09375, "test_r2": 0.7219137913846847, "test_mape": 0.17484547197818756, "_timestamp": 1675846690.7764683, "_runtime": 427.12688636779785, "_step": 8}