{"train_loss": 30236.478515625, "train_r2": 0.21403268998824898, "train_mape": 0.14607417583465576, "test_loss": 37318.54296875, "test_r2": 0.7414076180318157, "test_mape": 0.1457299143075943, "_timestamp": 1675501790.2550955, "_runtime": 824.583354473114, "_step": 5}