{"train_loss": 37673.33203125, "train_r2": 0.7510754272441034, "train_mape": 0.12318587303161621, "test_loss": 63694.87109375, "test_r2": 0.41642884678432834, "test_mape": 0.2895135283470154, "_timestamp": 1675500876.6642547, "_runtime": 1109.408795595169, "_step": 7}