{"R-squared": 0.6148875157527467, "_timestamp": 1676986334.6733155, "_runtime": 1277.7124354839325, "_step": 0}