{"train_loss": 23989.107421875, "train_r2": 0.8208290074789124, "train_mape": 0.14737418293952942, "test_loss": 28552.6328125, "test_r2": 0.8116271531477482, "test_mape": 0.13612093031406403, "_timestamp": 1675508918.8400307, "_runtime": 1433.0300257205963, "_step": 9}