{"train_loss": 19977.625, "train_r2": 0.918070693228892, "train_mape": 0.10030491650104523, "test_loss": 38912.625, "test_r2": 0.7692935094708324, "test_mape": 0.1535772979259491, "_timestamp": 1675435435.7696679, "_runtime": 1063.3701157569885, "_step": 9}