{"train_loss": 23699.6875, "train_r2": 0.7853834708105044, "train_mape": 0.11407540738582611, "test_loss": 41916.6171875, "test_r2": 0.6907715009159141, "test_mape": 0.15734729170799255, "_timestamp": 1678270128.1105368, "_runtime": 470.983562707901, "_step": 9}