{"R-squared": 0.6148875157527467, "_timestamp": 1673704629.931921, "_runtime": 624.9112648963928, "_step": 0}