{"R-squared": 0.6141784491941842, "_timestamp": 1675942680.9777012, "_runtime": 1090.712520122528, "_step": 0}