{"train_loss": 243900.65625, "train_r2": -5.300329925860163, "train_mape": 0.9900417327880859, "test_loss": 231786.171875, "test_r2": -3.5617191694705106, "test_mape": 0.989067554473877, "_timestamp": 1675846206.6229203, "_runtime": 141.9236822128296, "_step": 5, "_wandb": {"runtime": 189}}