{"train_loss": 23097.515625, "train_r2": 0.8844670361606829, "train_mape": 0.0979067012667656, "test_loss": 37773.48828125, "test_r2": 0.6684710440079391, "test_mape": 0.16082128882408142, "_timestamp": 1675845144.7089436, "_runtime": 484.2606484889984, "_step": 9}