{"R-squared": 0.6136771349780141, "_timestamp": 1673688278.309893, "_runtime": 548.5589098930359, "_step": 0, "_wandb": {"runtime": 491}}