{"R-squared": 0.6148875157527467, "_timestamp": 1673689949.3030014, "_runtime": 762.9847204685211, "_step": 0}