{"train_loss": 33062.46484375, "train_r2": 0.8466849350790924, "train_mape": 0.10380888730287552, "test_loss": 34793.171875, "test_r2": 0.7759212272510606, "test_mape": 0.15139822661876678, "_timestamp": 1675445075.1825478, "_runtime": 1642.6808588504791, "_step": 9}