{"train_loss": 235338.09375, "train_r2": -5.266396442528953, "train_mape": 0.9999260902404785, "test_loss": 215383.25, "test_r2": -4.255302598990204, "test_mape": 0.9999148845672607, "_timestamp": 1675443239.5844667, "_runtime": 483.4207136631012, "_step": 2}