{"train_loss": 30045.53515625, "train_r2": 0.916498897083124, "train_mape": 0.10444553941488266, "test_loss": 36202.22265625, "test_r2": 0.713175581500654, "test_mape": 0.1490315943956375, "_timestamp": 1676058748.5519598, "_runtime": 497.03780484199524, "_step": 9}