{"train_loss": 29340.11328125, "train_r2": 0.6422502471641667, "train_mape": 0.1711244285106659, "test_loss": 75735.1953125, "test_r2": 0.1813199626660702, "test_mape": 0.3322366774082184, "_timestamp": 1675499061.1120038, "_runtime": 327.571457862854, "_step": 1}