{"R-squared": 0.6128277779261979, "_timestamp": 1673689146.4138665, "_runtime": 454.0459015369415, "_step": 1, "_wandb": {"runtime": 330}}