{"Training R2": 0.8229952928623003, "Test R2": 0.7352356810249361, "Training MAPE": 0.16525202989578247, "Test MAPE": 0.18141403794288635, "_timestamp": 1676020723.652643, "_runtime": 630.9826009273529, "_step": 10}