{"train_loss": 40223.7578125, "train_r2": 0.6066790808875351, "train_mape": 0.12426236271858215, "test_loss": 91626.03125, "test_r2": 0.01686498707469053, "test_mape": 0.41646844148635864, "_timestamp": 1675456261.864873, "_runtime": 888.0544948577881, "_step": 4}