{"train_loss": 41262.45703125, "train_r2": 0.7310779717400049, "train_mape": 0.14672903716564178, "test_loss": 38436.7578125, "test_r2": 0.7241870062164717, "test_mape": 0.16078317165374756, "_timestamp": 1678268506.9806466, "_runtime": 472.101158618927, "_step": 9}