{"train_loss": 24463.94921875, "train_r2": 0.869465766708731, "train_mape": 0.10546997934579849, "test_loss": 33925.328125, "test_r2": 0.7751032417057109, "test_mape": 0.13844391703605652, "_timestamp": 1675434303.8237877, "_runtime": 797.4455897808075, "_step": 9}