{"R-squared": 0.16008495573811632, "_timestamp": 1673688634.5429628, "_runtime": 97.5733916759491, "_step": 0, "_wandb": {"runtime": 145}}