{"train_loss": 153493.921875, "train_r2": -18.345746911973585, "train_mape": 0.9999613165855408, "test_loss": 163994.609375, "test_r2": -13.891736595041323, "test_mape": 0.9999676942825317, "_timestamp": 1678267135.1708434, "_runtime": 9.167550325393677, "_step": 9, "_wandb": {"runtime": 28}}