{"R-squared": 0.6148875157527467, "_timestamp": 1673789770.133276, "_runtime": 794.614394903183, "_step": 0}