{"train_loss": 60586.59375, "train_r2": 0.09957634219268707, "train_mape": 0.24395573139190674, "test_loss": 31948.677734375, "test_r2": 0.7596394597643581, "test_mape": 0.13940122723579407, "_timestamp": 1675438807.3534203, "_runtime": 1475.7242472171783, "_step": 9}