{"train_loss": 47603.7734375, "train_r2": 0.11180853813211211, "train_mape": 0.22682633996009827, "test_loss": 36319.26953125, "test_r2": 0.7667877688671592, "test_mape": 0.14415444433689117, "_timestamp": 1675505413.6836855, "_runtime": 1438.275841474533, "_step": 9}