{"train_loss": 38338.40625, "train_r2": 0.7626246425030694, "train_mape": 0.15916985273361206, "test_loss": 40228.94921875, "test_r2": 0.7227464776877466, "test_mape": 0.17536921799182892, "_timestamp": 1678270653.4906063, "_runtime": 478.2487783432007, "_step": 9}