{"train_loss": 74739.734375, "train_r2": 0.6185244504623403, "train_mape": 0.20585675537586212, "test_loss": 69916.046875, "test_r2": 0.49625782122543083, "test_mape": 0.2921837568283081, "_timestamp": 1675457686.6888392, "_runtime": 1344.1749300956726, "_step": 7}