{"train_loss": 27258.833984375, "train_r2": 0.9261744880038598, "train_mape": 0.14239609241485596, "test_loss": 37585.94921875, "test_r2": 0.7030668108045878, "test_mape": 0.16347575187683105, "_timestamp": 1675845761.4009767, "_runtime": 483.3343906402588, "_step": 9}