{"train_loss": 29474.70703125, "train_r2": 0.9045368911186725, "train_mape": 0.1208990290760994, "test_loss": 39872.24609375, "test_r2": 0.7044787161653616, "test_mape": 0.1607373207807541, "_timestamp": 1678267747.7321205, "_runtime": 493.9781394004822, "_step": 9}