{"train_loss": 15138.1201171875, "train_r2": 0.8571912354457798, "train_mape": 0.0907476618885994, "test_loss": 38120.296875, "test_r2": 0.7972511445204802, "test_mape": 0.16480615735054016, "_timestamp": 1675436968.7287993, "_runtime": 1437.879174232483, "_step": 9}