{"train_loss": 45146.80859375, "train_r2": 0.5313653246527972, "train_mape": 0.2151319533586502, "test_loss": 83877.2109375, "test_r2": 0.25820856844956586, "test_mape": 0.36367928981781006, "_timestamp": 1675499638.3680687, "_runtime": 410.0480477809906, "_step": 2}