{"train_loss": 15855.00390625, "train_r2": 0.9208445841529331, "train_mape": 0.07399595528841019, "test_loss": 33257.84765625, "test_r2": 0.7987871446361202, "test_mape": 0.15242275595664978, "_timestamp": 1675442313.5221875, "_runtime": 1612.0928003787994, "_step": 9}