{"train_loss": 197180.53125, "train_r2": -7.449093669251782, "train_mape": 0.9996906518936157, "test_loss": 224082.96875, "test_r2": -3.2947600714454266, "test_mape": 0.9996970891952515, "_timestamp": 1675507319.6452253, "_runtime": 396.0311281681061, "_step": 2, "_wandb": {"runtime": 554}}