{"train_loss": 33017.76953125, "train_r2": 0.812135176980777, "train_mape": 0.11545812338590622, "test_loss": 37749.25, "test_r2": 0.8224103880455571, "test_mape": 0.15540055930614471, "_timestamp": 1675433376.8961475, "_runtime": 1674.182960510254, "_step": 9}